ax,ay,az,gx,gy,gz,mx,my,mz,gesture
-0.09552539139986038,0.07356615364551544,0.9894092082977295,-0.07208048552274704,0.15784701704978943,-0.15498237311840057,-7.367961406707764,4.177650451660156,2.190166711807251,up
-0.07010132819414139,0.04127473756670952,0.9689386487007141,-0.0017848126590251923,0.2386542409658432,-0.02536385878920555,-11.858189582824707,6.586114406585693,2.781480550765991,up
-0.1476077139377594,0.07987875491380692,0.9937956929206848,0.10420030355453491,0.4356582760810852,0.007928297854959965,-14.909955978393555,7.60640811920166,2.7009599208831787,up
-0.23325969278812408,0.09031883627176285,0.9842915534973145,0.09534275531768799,0.7594168782234192,-0.06476466357707977,-18.122297286987305,7.9012532234191895,2.3510704040527344,up
-0.3050888776779175,0.07308056950569153,0.9155690670013428,0.044946376234292984,0.5712703466415405,-0.005816170014441013,-21.163776397705078,8.46386432647705,0.13672412931919098,up
-0.39172816276550293,0.09104721993207932,0.8868128061294556,0.16375967860221863,0.5611910820007324,-0.08919927477836609,-23.72224998474121,8.842925071716309,-2.3846282958984375,up
-0.48750039935112,0.09687423706054688,0.8314936757087708,0.021733500063419342,0.5266771912574768,-0.059572312980890274,-26.354116439819336,8.702192306518555,-5.883236885070801,up
-0.543532133102417,0.13766339421272278,0.853670060634613,0.014403115957975388,0.1430538147687912,-0.010703091509640217,-28.091684341430664,9.022869110107422,-8.331679344177246,up
-0.6126461029052734,0.08400622755289078,0.7669140100479126,0.3467138111591339,1.0095661878585815,-0.4978680908679962,-29.654611587524414,8.998116493225098,-11.425115585327148,up
-0.6859562397003174,0.02476484328508377,0.638729453086853,0.061439741402864456,0.6305242776870728,-0.06598639488220215,-31.3825740814209,8.371430397033691,-15.20219612121582,up
-0.757785439491272,0.10173008590936661,0.6577377915382385,-0.0017848126590251923,0.4411560595035553,-0.04216265305876732,-32.71284103393555,8.21331787109375,-18.74653434753418,up
-0.7247094511985779,0.07308056950569153,0.5383263230323792,-0.09555262327194214,0.27194637060165405,0.02961401268839836,-33.7524299621582,8.143006324768066,-21.508750915527344,up
-0.9016906023025513,0.15174536406993866,0.603880763053894,-0.12029266357421875,1.0034575462341309,0.03358463943004608,-34.18656539916992,8.229594230651855,-24.740177154541016,up
-0.7839500308036804,0.0699242651462555,0.340200811624527,0.050444167107343674,0.4729210436344147,-0.014673716388642788,-34.80301284790039,8.068467140197754,-28.28462028503418,up
-0.9513046145439148,0.09978774189949036,0.4254947006702423,0.08862324059009552,0.2505660951137543,0.11208082735538483,-34.9193115234375,7.693359851837158,-31.16623306274414,up
-0.9221779704093933,0.09080442786216736,0.3331335783004761,0.04464094713330269,0.33211660385131836,-0.07484394311904907,-35.71433639526367,7.727213382720947,-33.42123794555664,up
-0.9695703983306885,0.10828548669815063,0.3350831866264343,0.024787824600934982,0.3153178095817566,-0.03361054137349129,-35.68290328979492,7.368671894073486,-35.86295700073242,up
-0.9327919483184814,0.08012154698371887,0.2424783706665039,0.08648522198200226,0.2691974937915802,-0.09164273738861084,-35.046783447265625,7.17521333694458,-38.63747024536133,up
-0.9345197677612305,0.040789153426885605,0.1467055082321167,0.04219748452305794,0.2188011109828949,0.015869546681642532,-34.954185485839844,6.993103981018066,-40.312156677246094,up
-0.968829870223999,0.09129000455141068,0.2278565615415573,-0.025119127705693245,0.24313119053840637,-0.0130359698086977,-35.06594467163086,7.16269588470459,-42.0158576965332,up
-0.946121096611023,0.06191210821270943,0.10089049488306046,0.04767517000436783,0.19339945912361145,-0.00500909611582756,-34.50095748901367,7.109186172485352,-43.93743133544922,up
-1.001905918121338,0.13620664179325104,0.17838609218597412,-0.034180767834186554,0.3216811418533325,-0.06823364645242691,-34.27220153808594,7.279304504394531,-45.015892028808594,up
-0.9263741970062256,0.008012155070900917,-0.03205680102109909,-0.06655662506818771,0.03152015805244446,0.035613443702459335,-33.7929573059082,7.261110305786133,-46.5236930847168,up
-1.0056084394454956,0.0883764997124672,0.04922676086425781,0.05197899788618088,0.03279220312833786,0.0605403371155262,-33.3731575012207,7.6912078857421875,-47.91376876831055,up
-0.9656210541725159,0.09541748464107513,0.0392351932823658,-0.05309049412608147,-0.06832654029130936,0.01805485226213932,-32.52826690673828,7.894007682800293,-48.57857131958008,up
-1.008076786994934,0.08716253191232681,0.06068051606416702,0.06845720112323761,-0.02274644747376442,0.05936490744352341,-32.4519157409668,8.064841270446777,-48.505130767822266,up
-0.9814185500144958,0.096145860850811,0.05726876109838486,-0.04598928987979889,-0.003624461591243744,-0.040879812091588974,-32.31864929199219,8.165471076965332,-48.71770477294922,up
-1.0031400918960571,0.0939607247710228,0.04557131230831146,-0.023453019559383392,-0.0011152811348438263,-0.0007601454854011536,-32.21173095703125,8.261470794677734,-48.52350616455078,up
-0.9569818377494812,0.09881658107042313,0.020226839929819107,-0.005980236455798149,-0.033455878496170044,-0.011921517550945282,-31.857675552368164,8.495702743530273,-48.95417022705078,up
-0.9836400747299194,0.10027333348989487,0.05239482223987579,0.007633740082383156,-0.03379449620842934,-0.027637019753456116,-32.099605560302734,8.702865600585938,-48.7205696105957,up
-0.1086076870560646,-0.12230152636766434,0.9599218368530273,0.053802043199539185,-0.09222829341888428,-0.028346046805381775,-24.16118812561035,6.660031318664551,-22.985685348510742,down
-0.0893545001745224,-0.13870488107204437,0.972594141960144,0.04742567986249924,-0.16678486764431,-0.1438981145620346,-19.745925903320312,5.316134452819824,-10.009615898132324,down
-0.03554433211684227,-0.08225803077220917,0.9477370381355286,0.14699672162532806,-0.4288460612297058,-0.28836774826049805,-16.689952850341797,4.920496463775635,-2.393903970718384,down
0.03369998186826706,-0.09576668590307236,0.9662579894065857,-0.003581564873456955,-0.32163918018341064,0.08639809489250183,-13.924223899841309,4.753929615020752,1.8606276512145996,down
0.022789916023612022,-0.10662184655666351,0.9794176816940308,-0.04114977642893791,-0.4578621983528137,0.034169115126132965,-11.996953964233398,4.815927982330322,4.234358310699463,down
0.09334167838096619,-0.14304696023464203,1.0037872791290283,-0.05092362314462662,-0.5656799077987671,0.12640976905822754,-9.798553466796875,4.588924884796143,6.156132221221924,down
0.1704394668340683,-0.1051744893193245,0.9455438256263733,0.06880596280097961,-0.5400235652923584,0.08151116967201233,-7.140260696411133,4.408912181854248,7.589672088623047,down
0.2373545616865158,-0.1201304942369461,0.9513924717903137,0.09201884269714355,-0.35187703371047974,-0.029971739277243614,-4.866293430328369,4.087950706481934,8.334492683410645,down
0.23589986562728882,-0.169340580701828,0.9460311532020569,0.028794294223189354,-0.5015390515327454,-0.0049262624233961105,-2.6474289894104004,4.486810684204102,8.761961936950684,down
0.3193012475967407,-0.1271260380744934,0.9340900778770447,-0.027710741385817528,-0.15273496508598328,0.03539084270596504,-1.0185405015945435,4.620418071746826,9.8828706741333,down
0.3202710747718811,-0.1196480467915535,0.8994851112365723,0.026092760264873505,-0.3447054922580719,0.06178447604179382,0.7826147675514221,4.53965425491333,9.837660789489746,down
0.38403433561325073,-0.20190608501434326,0.9438378810882568,-0.044767607003450394,-0.29705798625946045,0.09049513936042786,2.1407346725463867,4.0791215896606445,10.065763473510742,down
0.4133703112602234,-0.15655560791492462,0.9053338170051575,0.04441871866583824,-0.26651471853256226,0.09416033327579498,3.72367787361145,4.077783107757568,9.9464693069458,down
0.4189465343952179,-0.15583191812038422,0.874384343624115,0.0667153000831604,-0.3144676387310028,0.0034468453377485275,5.53181266784668,4.266910552978516,10.512109756469727,down
0.45385873317718506,-0.16548097133636475,0.8626868724822998,0.10306178033351898,-0.40365397930145264,-0.03900828957557678,6.982790470123291,4.028998851776123,10.45128059387207,down
0.5360478758811951,-0.16427484154701233,0.8721910119056702,0.024565599858760834,-0.17671751976013184,-0.04358977824449539,8.216858863830566,3.9392740726470947,10.49376106262207,down
0.5185918211936951,-0.17947205901145935,0.8531826734542847,0.3095342516899109,-0.41862016916275024,-0.2610577940940857,9.701560974121094,4.005513668060303,10.255583763122559,down
0.5840522050857544,-0.07453880459070206,0.7993256449699402,0.08656841516494751,-0.27659401297569275,-0.07504934072494507,11.24650764465332,4.938663482666016,10.297788619995117,down
0.5799306035041809,-0.08684132248163223,0.783729076385498,0.0364774726331234,-0.2194780856370926,0.03154664859175682,12.449366569519043,5.365811824798584,10.250195503234863,down
0.6313291788101196,-0.13002075254917145,0.7847038507461548,0.07343481481075287,-0.4962000846862793,-0.29312822222709656,14.256705284118652,5.842099666595459,10.264394760131836,down
0.6361780762672424,-0.07453880459070206,0.7271914482116699,-0.03132857009768486,-0.3844117224216461,0.06544966995716095,16.268617630004883,6.207861423492432,9.20281982421875,down
0.7447938323020935,-0.06416608393192291,0.7152502536773682,0.0514436699450016,-0.28758957982063293,0.013220689259469509,18.135345458984375,6.577288627624512,9.09379768371582,down
0.7547340989112854,-0.08756499737501144,0.7359644770622253,0.030307965353131294,-0.07501927018165588,-0.11022911965847015,19.593721389770508,6.772556781768799,9.143606185913086,down
0.6458759307861328,-0.08973602950572968,0.6884436011314392,-0.011536304838955402,-0.33097177743911743,-0.12488989531993866,20.88280487060547,6.940207481384277,9.158007621765137,down
0.7537643909454346,-0.05717053636908531,0.6706537008285522,-0.041468702256679535,-0.18619674444198608,0.03943286091089249,22.57210350036621,6.93775749206543,8.394720077514648,down
0.7741298675537109,-0.053793374449014664,0.624595046043396,-0.01737663894891739,-0.21416504681110382,0.11776167154312134,23.5134220123291,6.86051607131958,7.799386501312256,down
0.7901312708854675,-0.06681957840919495,0.5909649133682251,-0.06074807047843933,-0.32412081956863403,0.028880778700113297,24.794599533081055,6.541543960571289,7.428555488586426,down
0.8100118041038513,-0.11096391826868057,0.621670663356781,-0.05972709506750107,-0.09404949843883514,0.13289953768253326,25.76641082763672,6.189309120178223,6.64136266708374,down
0.831104576587677,-0.0704379603266716,0.5451498627662659,0.060918793082237244,-0.2635646164417267,0.018362311646342278,26.880563735961914,5.923542022705078,6.254532337188721,down
0.8308621048927307,-0.08298170566558838,0.5193179845809937,-0.038652244955301285,-0.31609904766082764,0.11640618741512299,28.053382873535156,5.741048812866211,5.342581748962402,down
0.06400572508573532,0.005827021785080433,0.9781991243362427,-0.114278644323349,-0.021297913044691086,0.03547105938196182,10.113656997680664,5.842739105224609,6.604516983032227,left
0.09964527189731598,-0.0709204152226448,1.0006192922592163,-0.32288914918899536,0.06239062920212746,0.07334470748901367,0.47913411259651184,5.159511566162109,7.022104263305664,left
0.078310027718544,-0.12977953255176544,0.9728378057479858,-0.5241692662239075,0.055365677922964096,0.16680708527565002,-4.46988582611084,3.849369525909424,6.963261127471924,left
0.03976112976670265,-0.184055358171463,0.9277539253234863,-0.3876408636569977,0.02879304066300392,0.16222558915615082,-7.284834861755371,2.2761480808258057,6.2428693771362305,left
0.03854890167713165,-0.2318180948495865,0.9309219717979431,-0.4826304018497467,0.009245350956916809,0.1689451038837433,-8.545425415039062,0.2446950525045395,5.725736141204834,left
0.018183445557951927,-0.3012911379337311,0.9104514122009277,-0.3348010182380676,0.039177749305963516,0.08922719955444336,-9.734969139099121,-1.4525065422058105,5.24827766418457,left
0.015274092555046082,-0.3297557830810547,0.8678044676780701,-0.45514145493507385,0.05750370770692825,0.18085698783397675,-10.418485641479492,-3.069986343383789,4.666362762451172,left
-0.004936712794005871,-0.3874087929725647,0.8512331247329712,-0.49057164788246155,0.044370103627443314,0.1322931945323944,-11.62343978881836,-4.697408199310303,4.498409748077393,left
-0.012588618323206902,-0.48148688673973083,0.8446532487869263,-0.3775615692138672,-0.01702185347676277,0.022642889991402626,-11.786584854125977,-6.581512451171875,4.309813499450684,left
-0.013822796754539013,-0.48293423652648926,0.810535728931427,-0.40902113914489746,0.0449809692800045,0.10816402733325958,-12.282096862792969,-8.305339813232422,3.009096145629883,left
-0.004689877387136221,-0.5680869817733765,0.8078550696372986,-0.1997450888156891,-0.0014205090701580048,-0.03329303115606308,-13.00808048248291,-9.843175888061523,2.4998605251312256,left
-0.014316467568278313,-0.5702580213546753,0.7642332911491394,-0.208602637052536,-0.015470411628484726,0.017103349789977074,-12.949548721313477,-11.00912094116211,1.350322961807251,left
-0.009873425588011742,-0.5847315788269043,0.7500988841056824,-0.1769353300333023,0.0038751140236854553,0.013773787766695023,-13.041828155517578,-11.957042694091797,0.8183117508888245,left
-0.012835453264415264,-0.6069243550300598,0.7388888001441956,-0.2755783200263977,0.03541584685444832,0.028482826426625252,-13.17448902130127,-13.006129264831543,0.5748265981674194,left
-0.02739875763654709,-0.6281522512435913,0.6991662383079529,-0.10728360712528229,0.035421222448349,-0.010434187017381191,-13.183832168579102,-13.867294311523438,-0.36675429344177246,left
-0.032335471361875534,-0.6517923474311829,0.6996536254882812,-0.2619056701660156,0.04368345066905022,0.08063946664333344,-13.431251525878906,-14.667546272277832,-1.1590641736984253,left
-0.04368991032242775,-0.6809806823730469,0.6762587428092957,-0.24541230499744415,-0.018930237740278244,0.18021050095558167,-13.830917358398438,-15.234724998474121,-2.0664000511169434,left
-0.031348127871751785,-0.661923885345459,0.6289815306663513,-0.16074194014072418,0.03501772880554199,0.028054043650627136,-14.010290145874023,-16.09278106689453,-2.5589003562927246,left
-0.04912029579281807,-0.721989095211029,0.6160656809806824,-0.29204061627388,0.01847483217716217,0.11944590508937836,-14.623435020446777,-17.0781307220459,-4.050198078155518,left
-0.07158233970403671,-0.7603440284729004,0.5712254643440247,-0.18473030626773834,0.035581689327955246,0.006027364172041416,-15.21078109741211,-18.363391876220703,-5.376823902130127,left
-0.081455759704113,-0.764686107635498,0.5390574336051941,-0.05616889148950577,0.003520619124174118,-0.055713485926389694,-15.72551441192627,-19.762020111083984,-5.976034164428711,left
-0.07306335121393204,-0.7774710655212402,0.5232170820236206,-0.19453826546669006,0.060077324509620667,-0.01788611337542534,-15.784671783447266,-19.976348876953125,-6.868044376373291,left
-0.10811401903629303,-0.7880849838256836,0.4869063198566437,-0.19392739236354828,0.030450357124209404,0.12108573317527771,-16.157939910888672,-20.443754196166992,-7.918855667114258,left
-0.08836716413497925,-0.8486326932907104,0.4571753144264221,-0.2736453115940094,0.024341706186532974,0.06396983563899994,-16.42082405090332,-21.200639724731445,-9.708525657653809,left
-0.1145317405462265,-0.8471853733062744,0.40161243081092834,-0.14554284512996674,0.03859328478574753,0.05406015366315842,-17.074594497680664,-21.593008041381836,-11.497236251831055,left
-0.11872794479131699,-0.9251013398170471,0.3801670968532562,-0.2118755429983139,0.0012106113135814667,-0.01359956432133913,-17.599815368652344,-22.08686637878418,-13.358054161071777,left
-0.1434115171432495,-0.8594878911972046,0.28999924659729004,-0.19559167325496674,0.027991335839033127,0.13453282415866852,-18.04200553894043,-22.65621566772461,-14.225237846374512,left
-0.14044947922229767,-0.7991814017295837,0.2032431662082672,-0.5685248970985413,0.12450804561376572,0.15163704752922058,-18.556386947631836,-23.793426513671875,-15.518837928771973,left
-0.17920267581939697,-0.9381275177001953,0.23199941217899323,-0.7264335751533508,0.1410014033317566,0.27839159965515137,-18.938230514526367,-24.435150146484375,-17.665264129638672,left
-0.17525330185890198,-0.944399356842041,0.1844785213470459,-0.3944283127784729,0.049371618777513504,0.05145514756441116,-19.448259353637695,-24.77967071533203,-19.771841049194336,left
0.019880564883351326,-0.17078793048858643,1.0276695489883423,-0.18642869591712952,-0.05691893398761749,-0.055751703679561615,-15.873963356018066,-10.394608497619629,-6.707059860229492,right
0.015516539104282856,-0.036907561123371124,0.9362832903862,0.8707499504089355,-0.021389391273260117,-0.13619837164878845,-13.781814575195312,-3.0001914501190186,-0.5753756165504456,right
0.012364741414785385,0.031077450141310692,0.9803923964500427,0.40527066588401794,0.05405246466398239,0.023237455636262894,-12.780449867248535,2.5875816345214844,2.727687358856201,right
0.022789916023612022,0.11654043942689896,0.994283139705658,0.5866976380348206,0.024425501003861427,-0.06717060506343842,-12.157905578613281,6.307687282562256,4.022013187408447,right
0.02303236350417137,0.15053139626979828,0.9838041663169861,0.7012348175048828,0.05955025181174278,-0.10504424571990967,-12.259628295898438,8.610943794250488,4.467388153076172,right
0.023274807259440422,0.22021286189556122,0.9611403942108154,0.6731350421905518,-0.0223056860268116,0.01835053227841854,-12.600013732910156,11.747856140136719,4.415234565734863,right
-0.0024683563970029354,0.34233754873275757,0.9158127307891846,0.6157137155532837,-0.06079019978642464,0.030262405052781105,-12.699689865112305,15.042795181274414,4.330470085144043,right
0.011637403629720211,0.40400683879852295,0.9258043169975281,0.5702042579650879,-0.027498047798871994,0.007049525156617165,-12.677416801452637,17.780054092407227,3.6502676010131836,right
0.0041215806268155575,0.4797581434249878,0.8529389500617981,0.3521253764629364,-0.007644925266504288,-0.05984021723270416,-12.823162078857422,20.008195877075195,2.643362283706665,right
0.018183445557951927,0.457421213388443,0.8658549189567566,0.5610412955284119,0.1044488474726677,-0.025937199592590332,-12.600232124328613,21.894287109375,1.5229231119155884,right
0.029820848256349564,0.5569661855697632,0.8351490497589111,0.45994311571121216,0.053441599011421204,0.02354288659989834,-13.055663108825684,23.849294662475586,0.0724310576915741,right
-0.023449387401342392,0.6205778121948242,0.8041995763778687,0.609605073928833,-0.061401065438985825,0.03759278729557991,-13.237701416015625,25.72386932373047,-1.161736011505127,right
-0.11971529573202133,0.6317462921142578,0.6930738687515259,0.5976932048797607,-0.08583566546440125,-0.041514262557029724,-13.219064712524414,27.47417449951172,-2.8127129077911377,right
0.03442732244729996,0.7461016178131104,0.6884436011314392,0.5870030522346497,-0.09988556802272797,0.1539626121520996,-12.54963493347168,29.5802059173584,-5.012124061584473,right
0.010910065844655037,0.7822776436805725,0.6163093447685242,0.3173060715198517,0.017095118761062622,0.020183127373456955,-12.216200828552246,31.37883949279785,-6.641912460327148,right
0.010182728059589863,0.7895614504814148,0.6250824332237244,0.3374646306037903,0.07787621021270752,-0.03174041956663132,-11.954766273498535,32.824554443359375,-8.706316947937012,right
-0.0009873425588011742,0.9114433526992798,0.5695195198059082,0.6868795156478882,-0.22725097835063934,-0.12734082341194153,-11.826728820800781,34.239200592041016,-9.948290824890137,right
0.030305739492177963,0.890320360660553,0.5407633185386658,0.7699571847915649,-0.01161554828286171,-0.06564343720674515,-11.842093467712402,35.57417297363281,-12.161893844604492,right
0.015516539104282856,0.9415495991706848,0.4079485237598419,0.5485185384750366,-0.08736284077167511,0.08707287162542343,-11.76201343536377,36.39767837524414,-14.360552787780762,right
0.035639550536870956,0.9505329132080078,0.3760242462158203,0.5207241773605347,-0.13165056705474854,0.10692599415779114,-11.374155044555664,37.53097915649414,-16.022066116333008,right
0.09576613456010818,0.9602446556091309,0.36798223853111267,0.3585394620895386,-0.008866652846336365,-0.0729738250374794,-10.656417846679688,38.42420196533203,-18.234920501708984,right
0.037336669862270355,0.9733554124832153,0.2892681658267975,0.5399664044380188,-0.11363004148006439,-0.07114122807979584,-10.551557540893555,39.0051155090332,-19.53580665588379,right
0.0831589475274086,1.000548243522644,0.3265537917613983,0.2858465015888214,0.04763837903738022,0.04767206311225891,-10.427160263061523,39.806617736816406,-21.409656524658203,right
0.05842946469783783,1.082854986190796,0.23370526731014252,0.12188372015953064,-0.04054936394095421,0.05738132819533348,-10.331724166870117,39.841800689697266,-21.836944580078125,right
0.037094224244356155,0.9891369342803955,0.21591539680957794,0.032448165118694305,-0.0020301453769207,0.08314357697963715,-9.925392150878906,40.37992477416992,-22.948036193847656,right
0.013819416984915733,1.0143873691558838,0.2064112275838852,0.22848591208457947,-0.26955243945121765,-0.15249238908290863,-9.984761238098145,40.435916900634766,-23.366201400756836,right
0.05067119374871254,0.9553887844085693,0.22127674520015717,0.06398569792509079,0.019661594182252884,0.033553384244441986,-9.939477920532227,40.67230987548828,-23.464101791381836,right
0.09334167838096619,1.0000625848770142,0.2397977113723755,0.06976292282342911,-0.028610654175281525,-0.09467101097106934,-9.802882194519043,41.080177307128906,-23.422792434692383,right
0.030548185110092163,0.9913221001625061,0.24052879214286804,0.12094644457101822,0.029076827690005302,-0.0818352922797203,-9.727383613586426,40.79862976074219,-23.90505599975586,right
0.022547468543052673,0.9893797636032104,0.17668022215366364,0.08920103311538696,0.005238298326730728,0.047775253653526306,-9.872137069702148,41.079715728759766,-23.98003578186035,right
0.06933953613042831,0.06506841629743576,0.9840478897094727,-0.08618934452533722,0.20009925961494446,0.015151089057326317,-8.524903297424316,25.327699661254883,-8.512543678283691,up
0.11007044464349747,0.04904409870505333,0.9638210535049438,0.0040926882065832615,0.07804860919713974,0.02706153690814972,-7.89270544052124,16.989185333251953,-0.8151885867118835,up
0.08679564297199249,0.042245909571647644,0.9896529316902161,-0.14433422684669495,0.4648929834365845,0.01237458549439907,-8.190483093261719,12.162015914916992,2.747357130050659,up
0.02545681968331337,0.006798191927373409,0.9762495756149292,-0.09851932525634766,0.3369167149066925,-0.017557810992002487,-9.712199211120605,9.422098159790039,4.132152080535889,up
-0.0301139485090971,-0.007478002924472094,0.9738126397132874,-0.10829316824674606,0.34424710273742676,0.016039777547121048,-12.031729698181152,7.483900547027588,4.566468238830566,up
-0.07059499621391296,-0.0354602076113224,0.9862411618232727,-0.10279537737369537,0.3421090543270111,0.009320260025560856,-14.005319595336914,6.077451705932617,4.544836521148682,up
-0.13551276922225952,-0.07526247948408127,0.9974511861801147,-0.17976440489292145,0.5323935747146606,0.0844566822052002,-15.663138389587402,5.420433521270752,3.4397168159484863,up
-0.2211647480726242,-0.05982402339577675,0.955535352230072,-0.0001700194552540779,0.3714306056499481,0.09728485345840454,-17.601533889770508,4.802577972412109,2.7155869007110596,up
-0.23622171580791473,-0.06464854627847672,0.9611403942108154,0.11039659380912781,0.2162708044052124,0.03711462765932083,-19.324087142944336,4.524543285369873,2.2805609703063965,up
-0.31940531730651855,-0.08877112716436386,0.9560227394104004,-0.10905517637729645,0.31504833698272705,0.11354970932006836,-21.41277313232422,4.306415557861328,0.8935572504997253,up
-0.33742430806159973,-0.054758280515670776,0.8880313038825989,-0.05346643924713135,0.3025255799293518,-0.028781894594430923,-22.34486198425293,4.060419082641602,-1.261845350265503,up
-0.38531044125556946,-0.08322293311357498,0.8551322221755981,-0.15914613008499146,0.562754213809967,-0.1405702382326126,-24.215587615966797,3.76401424407959,-2.9469821453094482,up
-0.47960165143013,-0.1051744893193245,0.8553759455680847,0.06137622892856598,0.6052093505859375,-0.1408756673336029,-25.8802433013916,3.030365467071533,-5.406862258911133,up
-0.540570080280304,-0.13773998618125916,0.8015189170837402,-0.08828575909137726,0.2924463152885437,0.030472032725811005,-28.043254852294922,2.0375921726226807,-8.023810386657715,up
-0.5319308638572693,-0.11458230018615723,0.757653534412384,0.14750823378562927,0.24999119341373444,-0.048329584300518036,-29.47814178466797,2.058359384536743,-9.937498092651367,up
-0.6062283515930176,-0.16523973643779755,0.738401472568512,0.1707211136817932,0.13881370425224304,-0.1808873414993286,-30.48708724975586,1.2816784381866455,-11.326896667480469,up
-0.611905574798584,-0.12495500594377518,0.7832416892051697,-0.3381296396255493,0.714248776435852,0.2488563507795334,-31.2791690826416,0.6954661011695862,-13.18026351928711,up
-0.6333802938461304,-0.169581800699234,0.7349897027015686,0.20951104164123535,0.3938499689102173,-0.04619155451655388,-32.4962043762207,0.8503978848457336,-15.610158920288086,up
-0.7276715040206909,-0.11795946210622787,0.6163093447685242,0.18751990795135498,0.4250040650367737,-0.01503742765635252,-32.97664260864258,1.032128095626831,-18.334476470947266,up
-0.7052094340324402,-0.10975778102874756,0.6350739598274231,0.2715138792991638,0.6241461634635925,-0.14179196953773499,-33.95791244506836,1.0698013305664062,-20.956565856933594,up
-0.8022158741950989,-0.06295996159315109,0.46156182885169983,0.19973719120025635,0.2958061099052429,-0.06909900158643723,-34.318546295166016,0.7451196312904358,-23.68827247619629,up
-0.882931113243103,-0.058135438710451126,0.5322338938713074,-0.1618950068950653,0.7747244238853455,0.07720322161912918,-34.12263870239258,1.4529916048049927,-26.692852020263672,up
-0.8483741283416748,-0.0989026129245758,0.40283089876174927,0.17774605751037598,0.35597628355026245,-0.17019720375537872,-34.40205383300781,1.3535960912704468,-28.6500186920166,up
-0.9007033109664917,-0.13677509129047394,0.44084760546684265,-0.027504663914442062,0.29977673292160034,0.006648289039731026,-34.614013671875,1.0109013319015503,-30.66854476928711,up
-0.8999627828598022,-0.1478714793920517,0.461805522441864,0.7739505171775818,0.4237823486328125,0.2739018201828003,-35.09608459472656,0.6653371453285217,-32.73654556274414,up
-0.916253924369812,-0.01616213656961918,0.23126831650733948,0.057100169360637665,0.5187718868255615,-0.033668819814920425,-35.02994155883789,1.1634647846221924,-35.15675735473633,up
-0.9100830554962158,-0.0914246141910553,0.2424783706665039,0.17285913228988647,0.21547730267047882,-0.1311018317937851,-34.936866760253906,1.198448896408081,-37.1618537902832,up
-0.9915387630462646,-0.03256549686193466,0.2193271666765213,0.33076781034469604,-0.12569093704223633,-0.004347285255789757,-34.918495178222656,1.1218416690826416,-38.608760833740234,up
-0.9947476983070374,-0.09045971184968948,0.2705034911632538,0.05073511600494385,-0.06982490420341492,-0.02799786441028118,-34.981998443603516,0.7920719981193542,-39.6661491394043,up
-0.9782096743583679,-0.07453880459070206,0.16888192296028137,0.050783321261405945,0.0376545712351799,0.08628612011671066,-34.769371032714844,0.6181343793869019,-40.076698303222656,up
0.11928339302539825,0.11823998391628265,0.9611403942108154,0.19279785454273224,-0.23129700124263763,-0.10651375353336334,-20.865825653076172,5.590714454650879,-16.300485610961914,down
0.38548898696899414,0.19690477848052979,0.9121572971343994,-0.08086977899074554,-0.536729633808136,0.33483636379241943,-11.379922866821289,8.612669944763184,-3.55729341506958,down
0.2373545616865158,0.06336886435747147,0.9513924717903137,-0.06926333904266357,-0.3998957872390747,-0.14041677117347717,-6.021389484405518,9.863119125366211,3.2051496505737305,down
0.21068550646305084,0.11872556805610657,0.8909556865692139,0.3555934429168701,-0.49457991123199463,0.1088162437081337,-2.21720027923584,10.48172664642334,6.709737777709961,down
0.44610050320625305,0.1454327553510666,0.9594345092773438,0.36903250217437744,-0.6750906109809875,0.3772915005683899,1.3038212060928345,11.703073501586914,8.473937034606934,down
0.4846493899822235,0.1784525364637375,0.8356364965438843,0.07093023508787155,-0.24565233290195465,0.14119210839271545,5.245169162750244,13.110101699829102,8.90440845489502,down
0.46598106622695923,0.15732957422733307,0.842460036277771,0.43042445182800293,-0.32262134552001953,0.08987942337989807,7.600457668304443,14.033565521240234,8.866996765136719,down
0.5673234462738037,0.19690477848052979,0.8122416138648987,0.01992299035191536,-0.3647710680961609,-0.002055796794593334,9.693268775939941,15.071138381958008,8.521742820739746,down
0.5985989570617676,0.14276203513145447,0.8022500276565552,0.09078335762023926,-0.44784873723983765,0.008328912779688835,12.44946002960205,15.632525444030762,8.46822738647461,down
0.6318140029907227,0.19714757800102234,0.7410821318626404,0.10574955493211746,-0.403560996055603,-0.005720988847315311,14.247467994689941,16.199993133544922,8.208229064941406,down
0.683697521686554,0.2415786236524582,0.6755276918411255,-0.020699547603726387,-0.3849295973777771,0.16501584649085999,16.925020217895508,16.41413688659668,7.982539176940918,down
0.6713327765464783,0.14179085195064545,0.6711410880088806,-0.22839373350143433,-0.3809589743614197,0.22182631492614746,19.194211959838867,16.112226486206055,7.782812595367432,down
0.7717053294181824,0.08691974729299545,0.6721159219741821,-0.10163919627666473,-0.2932997941970825,0.02573857083916664,21.41969108581543,15.262626647949219,7.009488105773926,down
0.77655428647995,0.07890758663415909,0.5841413736343384,-0.19326898455619812,-0.6491288542747498,-0.4693676829338074,23.091588973999023,14.208152770996094,6.888776779174805,down
0.7906161546707153,0.13377870619297028,0.5626960396766663,-0.11538366228342056,-0.26092398166656494,0.11125970631837845,25.66167640686035,13.633284568786621,5.6511335372924805,down
0.8269830346107483,0.1179971918463707,0.5234608054161072,-0.0628492534160614,-0.2279372364282608,0.008023479953408241,27.285600662231445,12.85118293762207,5.016156196594238,down
0.790373682975769,0.06506841629743576,0.5129818916320801,-0.22075791656970978,-0.4860278367996216,0.19891886413097382,28.820701599121094,11.571126937866211,4.316273212432861,down
0.8730477690696716,0.027435559779405594,0.4895869791507721,-0.10286092758178711,-0.26031309366226196,0.046813420951366425,30.028594970703125,10.586636543273926,3.724097490310669,down
0.9305074214935303,0.022579709067940712,0.4791080057621002,0.028169672936201096,-0.16104748845100403,-0.14011134207248688,31.37471580505371,10.203263282775879,3.618680238723755,down
0.9035959243774414,0.016024310141801834,0.4303686320781708,0.022977318614721298,-0.29116177558898926,-0.11567673087120056,32.484066009521484,10.409934997558594,2.7938475608825684,down
0.8905038237571716,0.07356615364551544,0.3996628224849701,-0.23389151692390442,-0.25176095962524414,0.09049028903245926,33.54335403442383,10.067240715026855,2.0837998390197754,down
0.9154757857322693,0.011896836571395397,0.37553682923316956,-0.056740596890449524,-0.162880077958107,0.05903072655200958,35.15898132324219,9.132399559020996,1.0409303903579712,down
0.9591160416603088,0.00024279257922898978,0.35238564014434814,-0.13768024742603302,-0.25573158264160156,-0.025574108585715294,36.138893127441406,8.350532531738281,0.5311247110366821,down
0.9680865406990051,-0.007478002924472094,0.34215039014816284,0.008621985092759132,-0.12806075811386108,-0.13247552514076233,37.21291732788086,7.628788948059082,-0.16059082746505737,down
0.981905996799469,-0.0176094900816679,0.32021766901016235,0.08650729805231094,-0.2074732482433319,-0.03992944210767746,37.9630126953125,7.191564559936523,-1.353899598121643,down
0.9889369010925293,-0.04728027433156967,0.28829339146614075,0.33329686522483826,-0.44204550981521606,0.05475467070937157,39.00276565551758,7.1017303466796875,-2.5286195278167725,down
1.0034836530685425,0.010925665497779846,0.20299948751926422,0.05596403777599335,-0.32720285654067993,-0.14041677117347717,39.63607406616211,6.900368690490723,-2.8609097003936768,down
0.9574189186096191,-0.04149085283279419,0.2251758873462677,-0.0032345950603485107,-0.036719586700201035,0.15053080022335052,40.0765495300293,6.7656569480896,-3.4818975925445557,down
1.0478512048721313,-0.0176094900816679,0.19373899698257446,0.03463904932141304,-0.3097763657569885,-0.01592998206615448,40.606868743896484,6.50111198425293,-4.236399173736572,down
1.0010591745376587,-0.029188333079218864,0.18374742567539215,-0.00018026866018772125,-0.30336228013038635,-0.060217712074518204,41.43003845214844,6.192948818206787,-5.442841529846191,down
0.10691864788532257,0.06725354492664337,0.9925772547721863,0.00883173942565918,-0.08324943482875824,-0.05620265379548073,16.74259376525879,6.993060111999512,0.7606751918792725,left
0.10134238749742508,0.04200311377644539,0.9789302349090576,-0.4170384407043457,-0.04564240947365761,0.2660236656665802,4.447878360748291,6.764358043670654,4.416031837463379,left
0.10158483684062958,-0.016644585877656937,0.9528546929359436,-0.3470943868160248,0.07286544889211655,0.14354519546031952,-1.6932809352874756,5.783878803253174,6.519783020019531,left
0.0768553614616394,-0.08225803077220917,0.9484680891036987,-0.4280340075492859,0.07927953451871872,0.13071702420711517,-4.997679233551025,4.2413105964660645,6.978564262390137,left
0.05988414213061333,-0.17850716412067413,0.9511488080024719,-0.472627192735672,0.010251760482788086,0.08062607795000076,-7.231696128845215,2.080641984939575,6.95060396194458,left
0.05964169651269913,-0.2530459761619568,0.9428631067276001,-0.35350847244262695,0.03163204342126846,0.0381709448993206,-8.300568580627441,-0.19045670330524445,6.689906120300293,left
0.05624745413661003,-0.2962253987789154,0.9160564541816711,-0.43566983938217163,0.028577718883752823,0.06688161194324493,-9.210947036743164,-1.9305328130722046,6.14310884475708,left
0.05867191031575203,-0.3792071044445038,0.9148379564285278,-0.4231470823287964,-0.0007438138127326965,0.12521924078464508,-9.725921630859375,-3.951753616333008,6.034051895141602,left
0.028608618304133415,-0.4033297002315521,0.8680481910705566,-0.21820178627967834,0.004448540508747101,-0.02932966686785221,-10.102068901062012,-5.8552093505859375,5.795309066772461,left
0.02424459159374237,-0.4293821156024933,0.853670060634613,-0.15660503506660461,-0.03406738489866257,0.0020059081725776196,-10.487627029418945,-7.014840126037598,4.401152610778809,left
0.03345753625035286,-0.4633949398994446,0.8529389500617981,-0.15528154373168945,0.018727166578173637,0.05286628007888794,-10.781075477600098,-8.377963066101074,3.7122302055358887,left
0.01648632250726223,-0.4867938756942749,0.8197962045669556,-0.285047322511673,0.006231054663658142,0.07900471240282059,-11.132402420043945,-9.692992210388184,3.7614169120788574,left
0.014546754769980907,-0.518635630607605,0.7893341183662415,-0.2648887634277344,0.011728841811418533,-0.007432726211845875,-11.43027400970459,-10.966926574707031,2.930202007293701,left
-0.002715192036703229,-0.5791833996772766,0.7683761715888977,-0.27191370725631714,-0.022785045206546783,-0.06210516765713692,-11.30229663848877,-12.315937995910645,1.772015929222107,left
0.0058187018148601055,-0.6148847937583923,0.7342585921287537,-0.3052058517932892,0.012034274637699127,-0.014152243733406067,-11.844622611999512,-13.979703903198242,0.953793466091156,left
0.00872805342078209,-0.6317706108093262,0.7016032338142395,-0.279854953289032,-0.018203556537628174,-0.02667498216032982,-12.0228271484375,-15.186549186706543,-0.7356733679771423,left
0.007030931767076254,-0.6792921423912048,0.6689478754997253,-0.2132706344127655,-0.013622067868709564,-0.011708782985806465,-12.002368927001953,-16.421361923217773,-1.5635168552398682,left
-0.0024683563970029354,-0.7005199790000916,0.6477462649345398,-0.00583219900727272,-0.036066483706235886,-0.060406096279621124,-12.09387493133545,-17.495283126831055,-2.348037004470825,left
-0.004443041514605284,-0.7212653756141663,0.6336118578910828,-0.10689354687929153,-0.07977171242237091,0.00036289263516664505,-12.375333786010742,-18.60337257385254,-3.214005947113037,left
-0.0069113983772695065,-0.7248837947845459,0.57561194896698,-0.23700782656669617,-0.0803825855255127,0.0043335165828466415,-12.187685012817383,-19.382301330566406,-3.4935951232910156,left
0.00630359398201108,-0.7620326280593872,0.5312591791152954,-0.22845572233200073,-0.10145743191242218,0.00616611260920763,-12.208517074584961,-20.724489212036133,-4.900647163391113,left
0.036851778626441956,-0.8377775549888611,0.5132255554199219,-0.24830883741378784,-0.052282776683568954,0.03976370394229889,-12.444184303283691,-21.59782600402832,-6.832347869873047,left
-0.0074050696566700935,-0.8030410408973694,0.45546942949295044,-0.06335541605949402,-0.07422682642936707,-0.024568049237132072,-12.29565143585205,-22.419639587402344,-7.696361541748047,left
0.01260718796402216,-0.8418784141540527,0.4457215368747711,-0.20721419155597687,0.0009096041321754456,0.0652291402220726,-12.19831657409668,-23.64411735534668,-8.931902885437012,left
-0.0014810138382017612,-0.8498388528823853,0.4169653058052063,-0.0692407637834549,-0.017161384224891663,-0.02514972724020481,-12.457616806030273,-24.522363662719727,-10.591214179992676,left
0.00654603959992528,-0.8493564128875732,0.3706629276275635,-0.27923622727394104,-0.01493513211607933,0.014899631962180138,-12.510322570800781,-24.966705322265625,-11.568266868591309,left
-0.007158233784139156,-0.9036322236061096,0.36798223853111267,-0.08223219215869904,-0.09648564457893372,-0.10971687734127045,-12.157940864562988,-25.17082405090332,-12.5147066116333,left
0.0046064723283052444,-0.8971191048622131,0.3070580065250397,-0.2306724339723587,-0.0467001236975193,-0.008924112655222416,-12.293021202087402,-26.072309494018555,-13.370857238769531,left
0.028366170823574066,-0.914004921913147,0.2758648097515106,-0.13660621643066406,0.021926645189523697,-0.040544185787439346,-12.146434783935547,-26.96870994567871,-14.884352684020996,left
-0.007651905063539743,-0.9255837798118591,0.2600245475769043,0.019398847594857216,-0.06519957631826401,-0.01666603796184063,-12.028864860534668,-27.491167068481445,-16.095951080322266,left
0.06327838450670242,0.05875580012798309,1.006224274635315,0.4164149761199951,-0.07405985891819,-0.1547340750694275,-11.110705375671387,-9.50811767578125,-5.580185890197754,right
0.03976112976670265,0.09735982120037079,0.9767369627952576,0.5639389753341675,-0.10307596623897552,-0.3767835795879364,-10.797119140625,0.5844665169715881,0.5195226669311523,right
0.062066156417131424,0.192291721701622,0.9755184650421143,0.6870282888412476,-0.10307596623897552,-0.17611436545848846,-10.638739585876465,6.732977867126465,3.5540003776550293,right
0.07030931115150452,0.31951501965522766,0.935552179813385,0.767967939376831,-0.10765744745731354,-0.1339646577835083,-10.379863739013672,11.080391883850098,4.594493865966797,right
0.05091363936662674,0.3651600182056427,0.9175186157226562,0.5398097634315491,-0.06856207549571991,-0.054857611656188965,-10.113348007202148,14.776179313659668,4.951815605163574,right
0.05988414213061333,0.416146457195282,0.9046027064323425,0.7908754348754883,-0.09482927620410919,0.0016474220901727676,-9.985358238220215,17.750507354736328,3.9229373931884766,right
0.10352440178394318,0.5440981984138489,0.8173592686653137,0.9054126143455505,-0.12170735001564026,0.01875164918601513,-9.458870887756348,20.954296112060547,2.484239339828491,right
0.09188699722290039,0.6111088991165161,0.8010315299034119,0.5798214673995972,-0.022747181355953217,0.06273394823074341,-8.560312271118164,23.880369186401367,1.295763611793518,right
0.09431146085262299,0.66865074634552,0.7315779328346252,0.42527252435684204,0.08018361032009125,0.05754159018397331,-7.9686479568481445,26.714780807495117,-0.7133632898330688,right
0.078310027718544,0.6946295499801636,0.6855192184448242,0.4374898374080658,-0.14675283432006836,0.023333139717578888,-7.805561065673828,28.291566848754883,-2.394176483154297,right
0.13722437620162964,0.7196372151374817,0.7040402293205261,0.46620050072669983,0.02551117166876793,0.05418183282017708,-7.843245983123779,30.238313674926758,-3.7550289630889893,right
0.13479992747306824,0.7635826468467712,0.6421412229537964,0.5037687420845032,0.055443570017814636,0.15192027390003204,-7.531484127044678,32.0916748046875,-4.9199981689453125,right
0.13116323947906494,0.8281654715538025,0.5892589688301086,0.36510229110717773,0.082627072930336,0.15069854259490967,-7.430105686187744,33.455650329589844,-6.9245781898498535,right
0.1585596352815628,0.838848352432251,0.5629397034645081,0.30309948325157166,-0.01297333836555481,-0.020038295537233353,-7.191287994384766,35.2520751953125,-8.693720817565918,right
0.18231932818889618,0.8563293814659119,0.5383263230323792,0.35899364948272705,-0.16874398291110992,-0.08692803978919983,-6.659608840942383,36.07298278808594,-9.296195030212402,right
0.06546039879322052,0.8594857454299927,0.5132255554199219,0.29302018880844116,0.07651841640472412,0.09266634285449982,-6.739609718322754,36.81892013549805,-10.969531059265137,right
0.1532258242368698,0.8679834604263306,0.4922676384449005,0.3113461434841156,0.001687426120042801,0.10152389109134674,-6.419947624206543,37.57868194580078,-11.782685279846191,right
0.1670452356338501,0.8942050337791443,0.47447776794433594,0.25697916746139526,0.01237756758928299,0.020584244281053543,-6.286132335662842,38.14902114868164,-12.310047149658203,right
0.13237546384334564,0.8980897665023804,0.4345114529132843,0.30340489745140076,0.04017193615436554,0.008977805264294147,-5.930530071258545,39.23866271972656,-13.945928573608398,right
0.1660754531621933,0.8954190611839294,0.4198896884918213,0.36876749992370605,-0.14766912162303925,0.21667198836803436,-5.657519817352295,39.962432861328125,-15.196986198425293,right
0.21335241198539734,0.9527180790901184,0.34799912571907043,0.40969547629356384,-0.11895845830440521,0.18063093721866608,-4.462700843811035,40.605125427246094,-16.572341918945312,right
0.2448703795671463,0.9539320468902588,0.3294781446456909,0.22857393324375153,-0.06336972117424011,-0.19046969711780548,-3.553636312484741,41.15383529663086,-17.678707122802734,right
0.17480351030826569,0.8954190611839294,0.3236294388771057,0.1430509388446808,-0.004346922039985657,-0.06294461339712143,-3.5464673042297363,41.265193939208984,-19.05260467529297,right
0.2390516847372055,0.9044023156166077,0.3460495173931122,0.2893531620502472,-0.1030016615986824,-0.06844240427017212,-3.6038293838500977,41.51642990112305,-19.297470092773438,right
0.2482646256685257,0.9619441628456116,0.29584795236587524,0.2274332195520401,0.022152474150061607,0.003278226125985384,-3.6339120864868164,41.864715576171875,-20.750755310058594,right
0.19662363827228546,0.9519897103309631,0.23126831650733948,0.08785723149776459,-0.044437237083911896,-0.07001826912164688,-3.796414375305176,42.116912841796875,-21.73138999938965,right
0.18280421197414398,0.92722487449646,0.25636908411979675,0.13800397515296936,-0.10680031776428223,0.02449330873787403,-3.3862597942352295,42.6162223815918,-22.95322036743164,right
0.23105095326900482,0.969470739364624,0.2366296350955963,0.14746522903442383,0.0088568814098835,0.10606492310762405,-3.617983341217041,42.987709045410156,-23.392648696899414,right
0.2615991234779358,0.9803964495658875,0.217864990234375,0.10985181480646133,-0.01591651514172554,-0.01103261485695839,-3.548219680786133,42.7730827331543,-23.782691955566406,right
0.2439005970954895,0.9619441628456116,0.2366296350955963,0.12173407524824142,0.021675486117601395,0.025190740823745728,-3.283648729324341,42.817081451416016,-24.228689193725586,right
-0.09256336838006973,0.14130526781082153,0.9862411618232727,-0.01694805920124054,-0.06457440555095673,-0.10346043109893799,-9.922872543334961,27.26055145263672,-11.525842666625977,up
-0.10984186828136444,0.13183635473251343,0.9635773301124573,0.11247565597295761,0.032884471118450165,0.009923097677528858,-13.522963523864746,19.250635147094727,-4.845663070678711,up
-0.1283545345067978,0.11411251127719879,0.9569975137710571,0.08726046234369278,0.05132684111595154,0.045418426394462585,-15.399086952209473,15.138039588928223,-0.8316583633422852,up
-0.13822796940803528,0.13669222593307495,0.9730815291404724,0.05722663179039955,0.017749011516571045,-0.017944451421499252,-16.368207931518555,13.3636474609375,0.8651590347290039,up
-0.14143681526184082,0.12819448113441467,0.9596782326698303,-0.0025556364562362432,0.07115677744150162,0.02730707824230194,-16.923229217529297,12.303465843200684,1.4973385334014893,up
-0.12094946205615997,0.1308652013540268,0.9699134826660156,-0.00585002638399601,0.027002137154340744,-0.07657351344823837,-17.449012756347656,11.917713165283203,1.7359042167663574,up
-0.1945064812898636,0.11654043942689896,0.9747873544692993,0.036910541355609894,0.41093093156814575,-0.02464996837079525,-18.135894775390625,11.577696800231934,0.9995156526565552,up
-0.2157343626022339,0.12843728065490723,0.9465185403823853,0.007589009124785662,0.37458446621894836,-0.11108739674091339,-19.744203567504883,11.197853088378906,0.24133078753948212,up
-0.29200658202171326,0.0883764997124672,0.9253169298171997,0.07325702160596848,0.45063719153404236,-0.02464996837079525,-21.423864364624023,10.623639106750488,-0.6000416874885559,up
-0.38382941484451294,0.09541748464107513,0.9155690670013428,0.09341557323932648,0.6503901481628418,-0.09276144206523895,-23.385160446166992,10.200037956237793,-2.8446621894836426,up
-0.44775986671447754,0.09444631636142731,0.8261323571205139,0.02652583085000515,0.6577205061912537,-0.06802140176296234,-25.58896255493164,9.928942680358887,-5.816100597381592,up
-0.5336586833000183,0.08303505927324295,0.8056617975234985,0.400680810213089,0.32113373279571533,-0.019763045012950897,-27.617046356201172,9.7034273147583,-7.868847846984863,up
-0.5321776270866394,0.07647965848445892,0.7812920808792114,-0.0593007355928421,0.39168867468833923,0.11126755177974701,-29.13155174255371,9.762473106384277,-9.748921394348145,up
-0.6054878234863281,0.1124129593372345,0.7569224238395691,0.1432010978460312,0.42101022601127625,-0.004185982048511505,-30.149141311645508,9.979208946228027,-11.706290245056152,up
-0.6501650810241699,0.10949944704771042,0.7442501187324524,0.08303086459636688,0.38038766384124756,-0.08146043121814728,-31.303787231445312,9.536478042602539,-13.349355697631836,up
-0.7360638976097107,0.014324761927127838,0.7045276165008545,-0.08037558943033218,0.6864311695098877,-0.555797278881073,-32.50577926635742,8.73194408416748,-15.649052619934082,up
-0.8150513172149658,0.03763284906744957,0.6189900040626526,0.28064578771591187,0.7496557235717773,0.203508198261261,-33.71918487548828,8.449687957763672,-19.333276748657227,up
-0.7496398687362671,0.1068287342786789,0.5697632431983948,-0.04525083303451538,0.2527168393135071,0.02391381934285164,-34.280113220214844,8.676127433776855,-22.41203498840332,up
-0.8683678507804871,0.0682247132062912,0.5731750130653381,-0.06357679516077042,0.5080585479736328,0.05934400111436844,-34.745487213134766,8.205167770385742,-24.563005447387695,up
-0.8315892815589905,0.09493190050125122,0.4513265788555145,0.16916286945343018,0.49095427989959717,-0.036561839282512665,-35.06191635131836,8.119281768798828,-27.5911922454834,up
-0.8873741626739502,0.05171481892466545,0.41940227150917053,-0.058689869940280914,0.24049952626228333,-0.05580409616231918,-35.36210632324219,8.359325408935547,-30.373538970947266,up
-0.9429121613502502,0.08594857156276703,0.38991495966911316,0.13617613911628723,0.5172215104103088,0.05231904983520508,-35.52231216430664,8.250940322875977,-32.56017303466797,up
-0.90366530418396,0.05414274334907532,0.2583186626434326,-0.13871322572231293,0.31807941198349,0.01322367787361145,-35.11116027832031,8.317900657653809,-35.5587158203125,up
-0.9090956449508667,0.10027333348989487,0.20104989409446716,-0.11794380098581314,0.44086334109306335,0.0010063722729682922,-35.00277328491211,8.602575302124023,-37.8311767578125,up
-0.9737666249275208,0.05972697585821152,0.21323473751544952,0.034772515296936035,0.2915067970752716,-0.07871153950691223,-34.92556381225586,8.627190589904785,-40.223697662353516,up
-0.9547603130340576,0.07745083421468735,0.11575599759817123,0.15389123558998108,0.43108949065208435,-0.03534010797739029,-34.07733917236328,8.495548248291016,-42.47513961791992,up
-0.9735198020935059,0.0682247132062912,0.07871408015489578,0.10990893840789795,0.3080001473426819,-0.05091717094182968,-33.427223205566406,8.34032154083252,-45.45594787597656,up
-1.028810977935791,0.04880130663514137,0.04484022036194801,0.011254200711846352,0.4484991431236267,-0.01151636429131031,-32.95470428466797,8.226585388183594,-47.4169807434082,up
-0.9421716332435608,0.08376343548297882,0.007798299193382263,0.0659530907869339,0.16806115210056305,-0.06380075216293335,-32.372737884521484,7.932172775268555,-49.156288146972656,up
-1.0135071277618408,0.05948418006300926,-0.0621853731572628,-0.08492258191108704,0.4366404116153717,0.1176256388425827,-31.75122833251953,8.05759048461914,-50.90842819213867,up
-0.24782299995422363,-0.00989026203751564,1.0598376989364624,0.03816676884889603,-0.25211015343666077,-0.03417437523603439,-26.166194915771484,5.279144763946533,-26.064193725585938,down
-0.12934188544750214,0.031563032418489456,0.9318967461585999,0.14262472093105316,-0.5117278695106506,-0.05036230385303497,-22.298080444335938,3.9980533123016357,-12.73537540435791,down
-0.13156341016292572,0.04491662606596947,1.0376611948013306,0.24494464695453644,-0.3938308656215668,-0.12397156655788422,-19.449430465698242,3.7978851795196533,-4.66250467300415,down
-0.03702534735202789,-0.013991101644933224,0.9984260201454163,0.17438970506191254,-0.5227234363555908,-0.032036345452070236,-16.87956428527832,3.845113754272461,0.3548019528388977,down
0.037094224244356155,-0.00024122589093167335,0.958459734916687,0.11971727758646011,-0.5437982678413391,-0.05097316578030586,-13.542341232299805,4.277674674987793,3.2936441898345947,down
0.13819417357444763,-0.002171033062040806,0.9046027064323425,0.050994936376810074,-0.17269764840602875,-0.025927692651748657,-11.170018196105957,4.765427112579346,5.663128852844238,down
0.13601216673851013,0.07647965848445892,0.9767369627952576,-0.08125738799571991,-0.32785743474960327,-0.14107578992843628,-8.841619491577148,4.8304009437561035,7.226921081542969,down
0.18474379181861877,0.06871029734611511,0.9650395512580872,0.1252150535583496,-0.5761741399765015,-0.10381301492452621,-6.456811904907227,4.885802745819092,8.1690092086792,down
0.2572351098060608,0.06166931614279747,0.9626024961471558,0.16431044042110443,-0.21912340819835663,0.09991054236888885,-4.560792446136475,5.074658393859863,8.691219329833984,down
0.29457178711891174,0.05827021971344948,0.9155690670013428,0.03144725039601326,-0.32022160291671753,-0.06074700877070427,-3.1821911334991455,5.393172264099121,9.586736679077148,down
0.30354228615760803,0.09541748464107513,0.9338463544845581,0.02136797085404396,-0.37519949674606323,-0.01340495701879263,-1.3472081422805786,5.597071647644043,9.334403038024902,down
0.34887969493865967,0.10610035806894302,0.9491991996765137,0.10719454288482666,-0.49981600046157837,-0.05555465444922447,1.0301669836044312,5.90281343460083,9.93879508972168,down
0.4281595051288605,0.082792267203331,0.9163001775741577,0.08214906603097916,-0.3614550232887268,-0.03081461414694786,3.25642991065979,6.149217128753662,10.561429023742676,down
0.46622350811958313,0.13766339421272278,0.850745677947998,0.13346174359321594,-0.49706709384918213,-0.013099524192512035,5.793412685394287,6.8053693771362305,10.79665470123291,down
0.4873162806034088,0.1510169804096222,0.8456280827522278,0.02197883650660515,-0.2954815626144409,0.0672292560338974,8.323041915893555,7.230917930603027,10.789194107055664,down
0.563686728477478,0.10464359819889069,0.8151659369468689,0.1957699954509735,-0.5074518322944641,0.16191336512565613,11.059856414794922,7.84799861907959,10.438116073608398,down
0.6002960801124573,0.17869533598423004,0.8158970475196838,-0.3705020844936371,-0.21179302036762238,-0.12061181664466858,13.570405006408691,7.939164161682129,9.874841690063477,down
0.6558161973953247,0.1308652013540268,0.7820231914520264,0.012204993516206741,-0.41551658511161804,0.026912149041891098,15.962397575378418,7.405287265777588,9.813008308410645,down
0.6853945851325989,0.08449181914329529,0.7613089084625244,0.22509153187274933,-0.7371371388435364,0.15091779828071594,18.664358139038086,7.130585193634033,9.408499717712402,down
0.7079420685768127,0.15805795788764954,0.6662671566009521,0.2421957552433014,-0.6042739748954773,0.10327029973268509,21.334394454956055,7.3073859214782715,8.68486499786377,down
0.7663715481758118,0.10755711048841476,0.5990068912506104,0.1756114363670349,-0.6519214510917664,0.02935561165213585,24.3929500579834,7.779098033905029,7.374161243438721,down
0.8810484409332275,0.11484088748693466,0.5059146881103516,-0.04582720249891281,-0.5346353054046631,0.08005741983652115,27.578369140625,8.239511489868164,5.878724098205566,down
0.9060204029083252,0.09323234856128693,0.4459652304649353,-0.0009286091662943363,-0.4891258478164673,0.004615567624568939,29.75670051574707,8.564214706420898,4.899054527282715,down
0.9683290123939514,0.15028859674930573,0.36530157923698425,-0.056211911141872406,-0.5273049473762512,-0.032647211104631424,31.959989547729492,8.683887481689453,3.495487689971924,down
0.8905038237571716,0.10318684577941895,0.4055115580558777,-0.031471870839595795,-0.3968852162361145,0.08036285638809204,34.62308120727539,8.816308975219727,2.3050320148468018,down
0.9491757750511169,0.11411251127719879,0.3350831866264343,0.044275421649217606,-0.2203451246023178,0.11670933663845062,36.39170837402344,8.344691276550293,0.8173404335975647,down
0.9237189292907715,0.10051612555980682,0.22444479167461395,0.19485369324684143,-0.591445803642273,0.0317990705370903,38.48880386352539,9.166674613952637,-1.2042418718338013,down
1.0168181657791138,0.0810927227139473,0.1337895691394806,-0.2489399015903473,-0.46621841192245483,0.12892664968967438,40.314239501953125,9.017186164855957,-3.632972002029419,down
1.0585187673568726,0.062154900282621384,0.05142003670334816,-0.11974190175533295,-0.34526708722114563,-0.1801711767911911,42.072261810302734,8.237668991088867,-5.564228534698486,down
1.0148786306381226,0.024522049352526665,0.05946202948689461,0.03144725039601326,-0.4934018850326538,0.056844547390937805,43.39601516723633,7.356836795806885,-6.574845790863037,down
-0.07553170621395111,0.31441637873649597,0.9172748923301697,-0.22450529038906097,-0.1946887969970703,-0.006990871392190456,13.460811614990234,12.405500411987305,-3.191910743713379,left
-0.22067107260227203,0.3471933901309967,1.053257703781128,-0.517109751701355,-0.1504010558128357,-0.27393898367881775,-1.0513496398925781,14.200484275817871,-1.1137568950653076,left
-0.10712666809558868,0.2063736915588379,0.9219051599502563,-0.29170045256614685,-0.21759624779224396,-0.24706090986728668,-8.469335556030273,13.453385353088379,0.6337692737579346,left
-0.06170890852808952,0.1532021164894104,0.9889218211174011,-0.3949366807937622,-0.10764048993587494,-0.19330477714538574,-11.824105262756348,11.571539878845215,2.087999105453491,left
-0.08170259743928909,0.06943868100643158,0.9416446089744568,-0.054684750735759735,-0.15620428323745728,-0.12702590227127075,-13.720287322998047,10.1627779006958,2.886230945587158,left
-0.062449418008327484,0.057784635573625565,1.0245015621185303,-0.13997407257556915,-0.015461917966604233,-0.012990962713956833,-14.355851173400879,8.65162467956543,3.6840028762817383,left
-0.028632935136556625,0.0007283777231350541,0.9487118124961853,-0.2263561636209488,-0.12217789888381958,-0.04266909137368202,-14.382989883422852,7.750913619995117,3.8883423805236816,left
0.09237189590930939,0.05511391535401344,1.0727535486221313,-0.14297306537628174,-0.5186294317245483,-0.11169686168432236,-14.486831665039062,6.285096168518066,4.543397426605225,left
0.03830645605921745,0.006555399391800165,0.9760059118270874,-0.8069835901260376,-0.37141093611717224,-0.17675401270389557,-13.613237380981445,4.737082481384277,4.965880393981934,left
-0.01505697425454855,-0.18188431859016418,0.9667453765869141,-0.7300145626068115,0.02962210588157177,0.14120134711265564,-13.583895683288574,0.6880958676338196,4.814202308654785,left
0.014546754769980907,-0.32083043456077576,0.8714599609375,-1.102642297744751,0.021375425159931183,0.11035265773534775,-13.652249336242676,-3.1507019996643066,4.0428571701049805,left
0.03224530443549156,-0.4730440080165863,0.8409978151321411,-0.628916323184967,-0.3622479736804962,0.0019240723922848701,-13.797284126281738,-8.111395835876465,3.391446113586426,left
0.038064006716012955,-0.5097103714942932,0.8085861802101135,-0.7883521914482117,-0.08796945214271545,-0.08695682138204575,-13.437040328979492,-12.085582733154297,1.6748123168945312,left
0.06352083384990692,-0.6228452324867249,0.72572922706604,-0.48017069697380066,-0.39187493920326233,-0.062216777354478836,-12.604170799255371,-15.56432819366455,-0.4404848515987396,left
0.078310027718544,-0.6310469508171082,0.696729302406311,-0.5320942401885986,-0.20342297852039337,-0.05671899393200874,-11.434664726257324,-18.430580139160156,-1.9595082998275757,left
0.12704166769981384,-0.7120988368988037,0.6362925171852112,-0.42030590772628784,-0.30574291944503784,-0.09306547045707703,-10.4575834274292,-20.4864444732666,-3.631065845489502,left
0.14158840477466583,-0.7222303152084351,0.6211832761764526,-0.4645936191082001,-0.06994892656803131,-0.14224012196063995,-8.462348937988281,-22.571226119995117,-5.238415241241455,left
0.20195744931697845,-0.7733702063560486,0.5173684358596802,-0.4881119430065155,-0.1566917896270752,0.1277623176574707,-7.773210525512695,-24.299057006835938,-7.711328983306885,left
0.17577329277992249,-0.8233039379119873,0.4315871298313141,-0.38518115878105164,-0.18937307596206665,0.17754782736301422,-7.535092830657959,-26.143796920776367,-9.95203971862793,left
0.18207687139511108,-0.8300582766532898,0.4505954682826996,-0.45481979846954346,-0.21044792234897614,-0.1303282529115677,-7.326547622680664,-27.346981048583984,-11.897649765014648,left
0.14619489014148712,-0.8804745078086853,0.2931672930717468,-0.5036889910697937,-0.021690573543310165,-0.058551590889692307,-6.806012153625488,-28.60862922668457,-14.742173194885254,left
0.1733488291501999,-0.8129312992095947,0.30559584498405457,-0.4325232207775116,-0.3084918260574341,0.0037566684186458588,-5.84785270690918,-29.875362396240234,-17.262453079223633,left
0.09091722220182419,-0.8069006204605103,0.2395540028810501,-0.17779238522052765,-0.3139896094799042,0.2392452210187912,-5.144637584686279,-30.820148468017578,-20.115856170654297,left
0.23105095326900482,-0.9308907389640808,0.21177256107330322,-0.053175877779722214,-0.46212443709373474,-0.2711327075958252,-4.2885026931762695,-30.99451446533203,-20.58991241455078,left
0.19419918954372406,-0.8310232162475586,-0.013015544041991234,-1.3457666635513306,0.5131219625473022,-0.180724635720253,-3.1639952659606934,-32.10353088378906,-22.96162986755371,left
0.3316660225391388,-0.9813069701194763,-0.11424754559993744,0.11084143817424774,-0.2813083231449127,0.09630275517702103,-1.975136637687683,-32.68524932861328,-26.983715057373047,left
0.28705596923828125,-0.9195531010627747,-0.01783611625432968,-0.15732839703559875,-0.23915858566761017,-0.06160591170191765,-1.537034034729004,-32.954139709472656,-28.783641815185547,left
0.3306962549686432,-0.9374037981033325,-0.11882709711790085,-0.2877481281757355,0.08246195316314697,0.05140415579080582,-1.2869341373443604,-33.52900314331055,-30.660497665405273,left
0.28172215819358826,-0.9002550840377808,-0.08508308976888657,-0.1750434935092926,-0.21533484756946564,-0.006628041155636311,-1.2637293338775635,-33.72246551513672,-32.6116828918457,left
0.2555379867553711,-0.9185882210731506,-0.14220686256885529,-0.04747737571597099,-0.02252722531557083,0.022312086075544357,-1.5574899911880493,-33.537139892578125,-34.17989730834961,left
-0.05257599055767059,0.10852827876806259,0.9194682240486145,1.2021421194076538,-0.20423778891563416,0.35264360904693604,-7.48946475982666,-9.566230773925781,-15.087639808654785,right
0.04776184633374214,0.3622465431690216,0.8880313038825989,0.3844990134239197,0.08073084056377411,0.18923717737197876,-10.174778938293457,4.436950206756592,-6.150063514709473,right
-0.02295571379363537,0.4304712414741516,0.9499303102493286,0.5314121246337891,0.05018758028745651,0.16907861828804016,-12.038223266601562,12.529354095458984,-2.305077075958252,right
-0.011107604019343853,0.4384833872318268,0.840266764163971,0.643505871295929,0.05232560634613037,0.07042388617992401,-13.052241325378418,17.965757369995117,-1.4581007957458496,right
0.0009697836940176785,0.6186354756355286,0.8453843593597412,0.45138877630233765,0.03919200599193573,0.19473496079444885,-13.511054039001465,21.563756942749023,-2.0667526721954346,right
-0.031101291999220848,0.5943561792373657,0.8280819058418274,0.4587191343307495,-0.0026522651314735413,0.05148705840110779,-13.313578605651855,24.773439407348633,-2.9104878902435303,right
-0.035050664097070694,0.6460710763931274,0.8085861802101135,0.6117408871650696,0.049576714634895325,0.19626212120056152,-13.004348754882812,27.78915786743164,-3.446259021759033,right
0.02497193031013012,0.665494441986084,0.6660234928131104,0.6291505694389343,-0.08939513564109802,0.047516435384750366,-12.351764678955078,30.128957748413086,-6.029416561126709,right
0.04388270899653435,0.7623687386512756,0.6633428335189819,0.5570684671401978,-0.04968889057636261,0.002923271618783474,-12.003425598144531,32.016231536865234,-7.407113552093506,right
0.028123727068305016,0.7866479754447937,0.5697632431983948,0.8542543649673462,-0.06434965133666992,0.06645325571298599,-11.411836624145508,34.14982223510742,-9.556473731994629,right
0.05842946469783783,0.8820654153823853,0.48617520928382874,0.5338555574417114,-0.04663456231355667,0.11257358640432358,-10.891319274902344,36.25739669799805,-11.851422309875488,right
0.06618773192167282,0.9056163430213928,0.4503517746925354,0.5023960471153259,-0.17430539429187775,0.07469993829727173,-10.237690925598145,37.26991271972656,-14.592473030090332,right
0.06546039879322052,0.9349942207336426,0.39893174171447754,0.42542698979377747,-0.1813303530216217,0.05301422253251076,-9.200486183166504,38.85451889038086,-17.232202529907227,right
0.11370714008808136,0.9325662851333618,0.2834194302558899,0.36098071932792664,-0.1318502575159073,0.015751441940665245,-8.10944938659668,39.771324157714844,-19.741867065429688,right
0.13189058005809784,0.9956923127174377,0.30169668793678284,0.42023465037345886,-0.1260470449924469,0.02460898831486702,-7.533730983734131,40.94509506225586,-21.373281478881836,right
0.13601216673851013,0.9716559052467346,0.21591539680957794,0.6535851359367371,-0.18530097603797913,0.055763114243745804,-7.588257789611816,41.88637924194336,-23.37859344482422,right
0.20535168051719666,0.9956923127174377,0.07944517582654953,0.3319646120071411,-0.0805375799536705,0.05545768141746521,-6.864060878753662,42.75615310668945,-25.631240844726562,right
0.1692272573709488,1.0231279134750366,0.09406698495149612,0.4037412703037262,-0.11230257153511047,0.02216552570462227,-5.901137351989746,42.98762512207031,-28.48099136352539,right
0.19638119637966156,0.9986058473587036,0.0319242887198925,0.42176181077957153,-0.016091298311948776,0.012086249887943268,-5.321980953216553,43.0575065612793,-30.07050323486328,right
0.17916753888130188,0.9910792708396912,-0.028923431411385536,0.4083227515220642,-0.10436132550239563,0.02857961133122444,-5.321982383728027,43.040985107421875,-32.32123565673828,right
0.14474020898342133,0.9490761756896973,-0.06170331686735153,0.31577667593955994,-0.09977984428405762,0.06798042356967926,-5.0284743309021,43.5295295715332,-34.464195251464844,right
0.19444161653518677,0.9898653626441956,-0.12485280632972717,0.08554533869028091,-0.04735228046774864,0.08215315639972687,-4.363080978393555,43.377281188964844,-35.64443588256836,right
0.20486679673194885,0.969713568687439,-0.12654000520706177,0.19161474704742432,0.02731718122959137,0.058550283312797546,-3.9533212184906006,43.42673873901367,-37.09062194824219,right
0.18280421197414398,0.9468910098075867,-0.16365841031074524,0.10317567735910416,0.04007912427186966,0.04499305784702301,-3.6203091144561768,43.142234802246094,-37.86832809448242,right
0.2552955448627472,1.0274982452392578,-0.12509383261203766,-0.0012170975096523762,-0.2184745818376541,0.024306753650307655,-3.446908473968506,43.13374328613281,-38.17216873168945,right
0.15128624439239502,0.9959351420402527,-0.09424217790365219,0.06306740641593933,0.0686798095703125,-0.0013269037008285522,-3.455481767654419,43.368465423583984,-38.638145446777344,right
0.2477797269821167,1.0328396558761597,-0.10123199969530106,0.21528072655200958,-0.008565697818994522,-0.005965659394860268,-3.504009962081909,43.15684127807617,-39.03712463378906,right
0.20365455746650696,0.9735982418060303,-0.1593198925256729,0.05340483412146568,-0.024938203394412994,0.031371716409921646,-3.263154983520508,43.307254791259766,-39.678531646728516,right
0.19492651522159576,0.9786968231201172,-0.14630433917045593,-0.15685288608074188,0.05016264319419861,-0.0701129138469696,-3.0837793350219727,43.16010284423828,-39.44233703613281,right
0.23032361268997192,1.0296833515167236,-0.10484743118286133,-0.16592837870121002,0.08175189793109894,-0.04881448671221733,-2.8401896953582764,43.378692626953125,-39.15488815307617,right
-0.22758246958255768,-0.0771922841668129,0.9706445932388306,0.08214559406042099,0.04154513031244278,-0.043530866503715515,-11.708537101745605,24.04107666015625,-19.209800720214844,up
-0.24140526354312897,-0.0771922841668129,0.9301908612251282,0.08237352967262268,0.11672908067703247,-0.0025937706232070923,-16.433408737182617,14.227727890014648,-9.744518280029297,up
-0.3322407901287079,-0.055240727961063385,0.9706445932388306,0.0037197815254330635,0.515038013458252,0.0025138440541923046,-19.344690322875977,8.956586837768555,-5.032573223114014,up
-0.27818378806114197,-0.0774335116147995,0.8841321468353271,-0.014606175944209099,0.4267679452896118,-0.1288221925497055,-22.45771026611328,6.49273157119751,-4.269745349884033,up
-0.37148764729499817,-0.019298071041703224,0.906552255153656,0.2795254588127136,0.20135869085788727,0.02847561612725258,-24.470035552978516,5.20488977432251,-4.540956497192383,up
-0.46874088048934937,-0.04173208028078079,0.9231236577033997,0.0638900026679039,0.28413090109825134,0.08498065173625946,-26.138469696044922,4.447057247161865,-5.410318374633789,up
-0.43048134446144104,-0.055481959134340286,0.8329558372497559,0.11825701594352722,0.4487591087818146,0.16561485826969147,-27.983715057373047,4.861419200897217,-7.2004241943359375,up
-0.513664960861206,-0.029912011697888374,0.8041995763778687,0.05319986492395401,0.27344077825546265,-0.06193244084715843,-29.440326690673828,5.126353740692139,-9.213241577148438,up
-0.6225195527076721,-0.03811369463801384,0.8117542266845703,0.14880026876926422,0.47533172369003296,0.04893960431218147,-30.258066177368164,5.127273082733154,-11.016698837280273,up
-0.6195574998855591,-0.007236776873469353,0.7293846607208252,0.10267994552850723,0.5419160723686218,0.12254886329174042,-31.497838973999023,5.502160549163818,-13.53551197052002,up
-0.6615195274353027,-0.0012061294401064515,0.6818637847900391,0.03792823851108551,0.19830435514450073,-0.013063219375908375,-32.49669647216797,5.951199054718018,-15.552170753479004,up
-0.703975260257721,-0.020745426416397095,0.612653911113739,-0.03873535245656967,0.3357490301132202,-0.09491916745901108,-33.59579086303711,6.615673542022705,-17.159406661987305,up
-0.7888867259025574,0.027921147644519806,0.6309311389923096,0.03517933934926987,0.5229792594909668,0.10758266597986221,-34.14131546020508,6.768973350524902,-19.857118606567383,up
-0.8254184126853943,-0.03184181824326515,0.5787799954414368,0.3763476014137268,0.5800951719284058,-0.03688696399331093,-35.07888412475586,7.210760116577148,-22.700998306274414,up
-0.8022158741950989,0.11678322404623032,0.4420660734176636,0.013799058273434639,0.2563365399837494,-0.0634596049785614,-35.30617141723633,7.53005313873291,-25.911651611328125,up
-0.8851526379585266,0.06919588893651962,0.4995785355567932,0.09015721082687378,0.2398431897163391,-0.05490748956799507,-35.75225067138672,7.508532524108887,-28.57240867614746,up
-0.9283488392829895,0.0029135108925402164,0.44230976700782776,0.09565500169992447,0.4490645229816437,-0.11080165952444077,-35.88106155395508,7.294102668762207,-31.311824798583984,up
-0.8913235068321228,0.03447654843330383,0.3445873558521271,-0.038124486804008484,0.3363598883152008,0.015952879562973976,-35.978878021240234,7.177303314208984,-33.64228057861328,up
-0.9392096400260925,0.026707183569669724,0.2817135453224182,-0.07019491493701935,0.37942588329315186,-0.0008459147065877914,-35.8156623840332,7.363048553466797,-36.28300476074219,up
-0.9646337628364563,0.04661617428064346,0.23273049294948578,-0.037208192050457,0.48021864891052246,0.05810258165001869,-35.41585922241211,7.443175315856934,-38.71494674682617,up
-0.9488362669944763,0.054385535418987274,0.1627894937992096,0.012577326968312263,0.34491199254989624,-0.11141252517700195,-35.17021560668945,7.697492599487305,-40.887882232666016,up
-1.0073362588882446,0.05025806277990341,0.18252892792224884,-0.1332792192697525,0.13431105017662048,-0.032062828540802,-34.778255462646484,7.847378253936768,-43.11592102050781,up
-0.9851210713386536,0.03253420814871788,0.1016215831041336,0.09330383688211441,0.14115233719348907,-0.03719443455338478,-34.153175354003906,7.371252059936523,-44.453739166259766,up
-0.9614248275756836,0.04394545406103134,0.05288221687078476,0.04356462135910988,0.20977643132209778,-0.0632471889257431,-33.55967712402344,7.4069671630859375,-45.82460403442383,up
-1.0248615741729736,0.012139628641307354,0.098697230219841,0.07513950020074844,0.18423427641391754,-0.06511509418487549,-33.34946823120117,6.996821880340576,-47.27584457397461,up
-0.9071210026741028,0.0755084902048111,-0.11063212156295776,-0.0842963308095932,0.4246097505092621,-0.3326740860939026,-32.90732955932617,6.964755058288574,-49.45500183105469,up
-0.997215986251831,0.006069814320653677,0.01657138578593731,0.05555839091539383,-0.08883116394281387,-0.05531204491853714,-32.25994873046875,6.652235507965088,-50.17781066894531,up
-1.0093109607696533,-0.03160059452056885,-0.06604183465242386,-0.040652886033058167,-0.025912048295140266,0.029292792081832886,-32.170074462890625,6.715909481048584,-50.818233489990234,up
-1.0028932094573975,0.01068287342786789,-0.013979658484458923,0.06483481079339981,-0.05911007523536682,-0.12104887515306473,-32.098060607910156,6.516793251037598,-50.76563262939453,up
-1.0122729539871216,-0.0246050413697958,-0.029405487701296806,0.01678065024316311,-0.06119751185178757,0.044307343661785126,-32.046634674072266,6.301549434661865,-50.69082260131836,up
-0.2349875420331955,0.10245846956968307,0.9389639496803284,0.009088673628866673,-0.22655533254146576,-0.004264475777745247,-26.496065139770508,7.778728485107422,-25.419233322143555,down
-0.22486726939678192,0.10391522198915482,0.9665017127990723,-0.01992742531001568,-0.23174770176410675,-0.07695744186639786,-23.388952255249023,8.392498016357422,-12.677061080932617,down
-0.1495824009180069,0.08691974729299545,0.9867285490036011,0.21433939039707184,-0.41958874464035034,-0.2626604735851288,-20.868711471557617,8.705787658691406,-5.186361789703369,down
-0.10268362611532211,0.07987875491380692,0.9387202858924866,0.12057158350944519,-0.6043754816055298,-0.031753409653902054,-18.665802001953125,8.797158241271973,-1.1015667915344238,down
-0.007651905063539743,0.1454327553510666,0.9760059118270874,0.18959935009479523,-0.5555062294006348,-0.0647401362657547,-15.958211898803711,9.008084297180176,1.7877602577209473,down
0.11031289398670197,0.15417328476905823,0.956266462802887,0.09705326706171036,-0.5836060643196106,-0.11238761991262436,-13.343484878540039,9.126409530639648,3.99143385887146,down
0.14425532519817352,0.15417328476905823,0.9421320557594299,0.05887419357895851,-0.7567863464355469,-0.04213812202215195,-10.54755973815918,9.74005126953125,6.178637504577637,down
0.22765670716762543,0.13353590667247772,0.9723504185676575,-0.03336646035313606,-0.7971034646034241,-0.2110423743724823,-7.164449691772461,10.015227317810059,8.043269157409668,down
0.30281493067741394,0.14009131491184235,0.9433504939079285,-0.06238255649805069,-0.5552008152008057,-0.1560644805431366,-3.9201788902282715,9.272750854492188,9.09502124786377,down
0.3273020088672638,0.18136605620384216,0.9604092836380005,0.0649828389286995,-0.6676000356674194,-0.11147133260965347,0.08068020641803741,9.066614151000977,10.088716506958008,down
0.46137458086013794,0.13596384227275848,0.8873002529144287,0.051543813198804855,-0.5460378527641296,-0.07145965099334717,3.302621603012085,9.058537483215332,10.310201644897461,down
0.4897407591342926,0.14397600293159485,0.8380734324455261,0.020695116370916367,-0.6740140914916992,-0.036640334874391556,6.078113555908203,8.927206993103027,10.114158630371094,down
0.571929931640625,0.18646469712257385,0.8400230407714844,-0.19463488459587097,-0.5481758713722229,-0.014343751594424248,9.542120933532715,8.719562530517578,9.668963432312012,down
0.6259953379631042,0.17189714312553406,0.7176872491836548,0.1914319545030594,-0.586965799331665,0.05193512886762619,12.687288284301758,8.542301177978516,9.61205005645752,down
0.6693931818008423,0.18233722448349,0.7873845100402832,-0.2230401188135147,-0.4275299906730652,-0.08153893053531647,15.591854095458984,8.218534469604492,9.096781730651855,down
0.675454318523407,0.10318684577941895,0.6962418556213379,0.13431604206562042,-0.5481758713722229,-0.05618802458047867,17.547433853149414,7.718292713165283,9.671916007995605,down
0.7809182405471802,0.13207915425300598,0.6141160130500793,-0.14057330787181854,-0.7696145176887512,0.03544176369905472,20.57526206970215,7.843361854553223,8.548871040344238,down
0.7862521409988403,0.1660701185464859,0.6007127165794373,-0.05566304177045822,-0.3313187062740326,-0.035724036395549774,23.257230758666992,7.572670936584473,7.973052024841309,down
0.79667729139328,0.14858904480934143,0.5522170662879944,0.013975596986711025,-0.22044667601585388,0.034525468945503235,25.662769317626953,7.539620876312256,6.975424289703369,down
0.8769268989562988,0.13110800087451935,0.549536406993866,0.042075399309396744,-0.2656506896018982,-0.06443469971418381,27.1860294342041,7.174243927001953,6.39364767074585,down
0.8441966772079468,0.1218818724155426,0.5010406970977783,0.13920296728610992,-0.18562735617160797,0.04491017758846283,27.953489303588867,7.156444549560547,5.725464820861816,down
0.8842002153396606,0.1553872525691986,0.5090826749801636,0.11232489347457886,-0.3465903401374817,-0.006097070872783661,29.321014404296875,7.416207313537598,5.558831691741943,down
0.8936555981636047,0.15563005208969116,0.4559567868709564,0.15172570943832397,-0.48067528009414673,0.08522728085517883,30.42609214782715,7.974293231964111,4.905888557434082,down
0.8723204135894775,0.15611563622951508,0.41501572728157043,0.05917962267994881,-0.16302534937858582,0.026889652013778687,32.12504196166992,8.413283348083496,3.065058708190918,down
0.9273555874824524,0.19666199386119843,0.40429309010505676,0.0793381780385971,-0.2903907299041748,0.018948404118418694,33.17983627319336,8.783345222473145,2.0870378017425537,down
0.9212944507598877,0.17578181624412537,0.37699902057647705,0.0793381780385971,-0.24396498501300812,-0.054355427622795105,34.81092071533203,9.0155611038208,1.5201112031936646,down
0.9532973170280457,0.18233722448349,0.3265537917613983,0.12668022513389587,-0.17310462892055511,0.17594078183174133,35.53583908081055,9.109844207763672,0.8164931535720825,down
0.9414175152778625,0.1828228086233139,0.30291518568992615,0.036883044987916946,-0.3050515055656433,-0.0751248449087143,36.05027770996094,9.146726608276367,0.18879374861717224,down
0.9486908912658691,0.2063736915588379,0.29146140813827515,0.029858093708753586,-0.17768611013889313,-0.01220572367310524,36.99868392944336,9.38174057006836,-0.19921277463436127,down
0.9729354977607727,0.18330839276313782,0.2485707849264145,0.04155818372964859,-0.2929920554161072,-0.052376724779605865,37.82573699951172,9.55782413482666,-0.8564845323562622,down
-0.07281651347875595,0.10003054141998291,1.0142662525177002,0.148154154419899,-0.14699526131153107,0.09942328929901123,12.761709213256836,9.003904342651367,2.158188819885254,left
0.021092794835567474,0.03666168078780174,0.9842915534973145,-0.2597064971923828,-0.027467049658298492,-0.2659229636192322,0.48970651626586914,8.30771255493164,3.85844087600708,left
-0.005430384073406458,-0.016403360292315483,0.9677202105522156,-0.20136888325214386,-0.11695881187915802,-0.1639084815979004,-6.035459995269775,7.129206657409668,5.261486530303955,left
0.12995101511478424,0.09274676442146301,0.8336869478225708,0.010906793177127838,-0.4297218322753906,0.07249636948108673,-9.86460018157959,6.67447566986084,5.254466533660889,left
-0.03628484159708023,-0.012784972786903381,1.0993164777755737,-0.18670812249183655,-0.0024215765297412872,-0.19109198451042175,-11.39723014831543,5.432169437408447,5.805926322937012,left
0.021092794835567474,-0.112652488052845,0.9894092082977295,-1.0694084167480469,-0.1633845716714859,0.02454344555735588,-12.182771682739258,3.4318745136260986,5.873856067657471,left
0.01769855059683323,-0.256181925535202,0.9294597506523132,-0.8174264430999756,-0.1178751140832901,0.094182088971138,-12.700688362121582,-0.041334573179483414,4.89011287689209,left
0.010910065844655037,-0.3365101218223572,0.9004598259925842,-0.2502380907535553,-0.14628034830093384,-0.058534227311611176,-12.91899585723877,-3.4196431636810303,4.529087543487549,left
0.02424459159374237,-0.37052297592163086,0.9063085317611694,-0.3018561899662018,-0.16674432158470154,-0.022187745198607445,-12.397500038146973,-6.0429301261901855,3.790343761444092,left
0.04364026337862015,-0.39874640107154846,0.8809641003608704,-0.20136888325214386,-0.17957249283790588,-0.008137844502925873,-11.67829418182373,-7.777090072631836,3.5979647636413574,left
0.045579832047224045,-0.4633949398994446,0.8456280827522278,-0.33362120389938354,-0.059232041239738464,-0.1336706578731537,-11.047745704650879,-9.35593318939209,2.50842547416687,left
0.0800071507692337,-0.47449132800102234,0.821745753288269,-0.3751600384712219,0.03270317614078522,-0.07808191329240799,-10.735236167907715,-10.677762985229492,1.5516432523727417,left
0.0807344913482666,-0.5198418498039246,0.7798299193382263,-0.3919588327407837,-0.0002835467457771301,-0.09335354715585709,-10.320673942565918,-12.502179145812988,0.6804081201553345,left
0.07249132543802261,-0.5659159421920776,0.7713005542755127,-0.3302614390850067,-0.04457128047943115,-0.09121551364660263,-10.179847717285156,-14.561140060424805,0.13876542448997498,left
0.08825031667947769,-0.5992051362991333,0.7196367979049683,-0.3259853720664978,-0.13956081867218018,-0.037459373474121094,-10.119535446166992,-16.048667907714844,-1.4297137260437012,left
0.11661648750305176,-0.679050862789154,0.7042838931083679,-0.4420497715473175,-0.011584553867578506,-0.14191733300685883,-9.631356239318848,-17.940900802612305,-3.377426862716675,left
0.09406901150941849,-0.7031734585762024,0.6752839684486389,-0.38982078433036804,-0.08855357766151428,0.02759777195751667,-9.360026359558105,-19.46905517578125,-5.464854717254639,left
0.07394600659608841,-0.7082392573356628,0.5799984931945801,-0.41028478741645813,-0.02410729229450226,-0.06036682426929474,-9.34980583190918,-20.841964721679688,-6.619329929351807,left
0.04194314405322075,-0.7601028084754944,0.6116790771484375,-0.21786224842071533,-0.0424332469701767,0.08685170114040375,-9.316134452819824,-21.87204360961914,-8.260607719421387,left
0.09867548942565918,-0.7842254042625427,0.49494829773902893,-0.19220590591430664,-0.028383348137140274,-0.032267019152641296,-9.692444801330566,-23.272491455078125,-9.220224380493164,left
0.10570641607046127,-0.8006287217140198,0.5103011727333069,-0.22336003184318542,-0.16521716117858887,-0.06891893595457077,-9.559747695922852,-24.255523681640625,-9.995719909667969,left
0.04606472700834274,-0.8447730541229248,0.46156182885169983,-0.3653861880302429,0.004908807575702667,-0.11870445311069489,-9.146933555603027,-25.69525146484375,-11.55744743347168,left
0.09673592448234558,-0.8577992916107178,0.386259526014328,-0.42036405205726624,0.08768104761838913,-0.10679257661104202,-8.770731925964355,-27.219955444335938,-13.936118125915527,left
0.13964885473251343,-0.8906059861183167,0.41209137439727783,-0.05353948846459389,0.35493457317352295,-0.26256322860717773,-8.555389404296875,-28.198179244995117,-16.020038604736328,left
0.06982442736625671,-0.8317468762397766,0.3258226811885834,-0.3769926130771637,0.2605559229850769,-0.12634027004241943,-7.917042255401611,-29.39048957824707,-18.28567886352539,left
0.10400930047035217,-0.9053207635879517,0.21591539680957794,-0.5892683267593384,0.02995428256690502,0.05691930651664734,-7.310006141662598,-30.002714157104492,-21.704105377197266,left
0.2652358412742615,-0.9817894101142883,0.10649552941322327,-0.6033182144165039,-0.04457128047943115,-0.005388950929045677,-7.845814228057861,-30.18572998046875,-24.547191619873047,left
0.06473305821418762,-0.9921621084213257,0.03655453026294708,-0.4570159614086151,-0.1584976464509964,-0.05792336165904999,-7.330424785614014,-30.833707809448242,-28.316694259643555,left
0.15710493922233582,-0.9388511776924133,0.03168058767914772,-0.2190839797258377,-0.05342882126569748,-0.18223443627357483,-6.858474254608154,-30.923885345458984,-30.905900955200195,left
0.28317680954933167,-1.0283459424972534,-0.09617041051387787,-0.41517171263694763,-0.11420992016792297,-0.09426984190940857,-6.35256290435791,-30.78021240234375,-33.40305709838867,left
-0.09355070441961288,0.005827021785080433,0.9757621884346008,0.05126389116048813,-0.023101529106497765,-0.03322621434926987,-11.683345794677734,-12.391164779663086,-14.992879867553711,right
-0.12983554601669312,0.0031563034281134605,1.017678141593933,0.19221796095371246,0.015137421898543835,0.025631263852119446,-14.118051528930664,-2.6905722618103027,-5.861557960510254,right
-0.09058868139982224,0.052200403064489365,0.9557790756225586,0.1421407163143158,-0.047579243779182434,-0.01503961905837059,-15.852960586547852,2.702949047088623,-1.8349571228027344,right
-0.1399558186531067,0.006798191927373409,1.017678141593933,0.4695644974708557,-0.20793136954307556,0.06956522166728973,-16.27361488342285,5.996257305145264,0.4150004982948303,right
-0.06639879196882248,0.15198814868927002,1.0076864957809448,-0.5237023830413818,-0.08423116058111191,0.20090124011039734,-16.284448623657227,8.866796493530273,1.9114283323287964,right
-0.1318102329969406,0.12455260008573532,1.0354679822921753,0.8043186664581299,-0.13768185675144196,0.046352338045835495,-16.28257942199707,9.770389556884766,3.324126958847046,right
-0.15624696016311646,0.09177558869123459,0.9730815291404724,-0.13458123803138733,0.10513706505298615,-0.22456640005111694,-16.043825149536133,11.017441749572754,3.6776630878448486,right
-0.0024683563970029354,0.12989403307437897,0.9019220471382141,0.1307864487171173,-0.42387595772743225,0.2911154627799988,-15.18435001373291,12.118207931518555,4.058507919311523,right
-0.004443041514605284,0.25129032135009766,0.9940394163131714,0.39162591099739075,-0.15570610761642456,0.2144518792629242,-14.653132438659668,13.703592300415039,3.9841718673706055,right
-0.008886083029210567,0.29450738430023193,0.9640647172927856,0.21478042006492615,-0.05857853218913078,0.14359150826931,-14.045101165771484,15.360576629638672,3.8445281982421875,right
-0.021227866411209106,0.25687456130981445,0.9301908612251282,0.47287097573280334,-0.18319503962993622,0.2504929304122925,-13.474020004272461,17.51136589050293,3.088618040084839,right
-0.017031658440828323,0.3617609441280365,0.905577540397644,0.627114474773407,-0.08606746792793274,0.17688366770744324,-13.081729888916016,20.2116641998291,2.4637324810028076,right
0.037579119205474854,0.4678612947463989,0.877552330493927,0.8216750621795654,-0.060411129146814346,0.04890739917755127,-12.110589981079102,23.40161895751953,1.0895048379898071,right
0.07176399230957031,0.6162075400352478,0.8227205872535706,0.5974875092506409,-0.0930924117565155,0.13565026223659515,-11.016648292541504,26.353614807128906,-1.6085940599441528,right
0.06885464489459991,0.6307750940322876,0.7310905456542969,0.4890589118003845,-0.13615840673446655,0.11732430756092072,-9.880714416503906,29.08639907836914,-3.0107734203338623,right
0.10328195989131927,0.711382269859314,0.6806452870368958,0.40689754486083984,-0.1334095150232315,-0.4177936613559723,-9.312106132507324,31.594383239746094,-4.304092884063721,right
0.10594886541366577,0.8070424795150757,0.6762587428092957,0.3742162585258484,-0.22534474730491638,0.18787923455238342,-8.865096092224121,33.14252853393555,-6.590210437774658,right
0.13116323947906494,0.8182109594345093,0.6482335925102234,0.4078138470649719,-0.16792340576648712,0.09258425980806351,-7.934778213500977,34.93041229248047,-7.994132041931152,right
0.11904094368219376,0.8114128112792969,0.6019312143325806,0.7330995798110962,-0.326137512922287,0.0626518651843071,-7.1348652839660645,36.79132080078125,-9.45671558380127,right
0.19080494344234467,0.8980897665023804,0.49202394485473633,0.4148387908935547,-0.1645636409521103,-0.021952971816062927,-5.779745101928711,38.78024673461914,-11.754512786865234,right
0.1643783301115036,0.9048879742622375,0.5037213563919067,0.6237546801567078,-0.30292463302612305,-0.011568259447813034,-4.88750696182251,39.99790954589844,-13.72800350189209,right
0.17965242266654968,0.932809054851532,0.27830180525779724,0.30549392104148865,-0.12302480638027191,0.17566195130348206,-3.8148884773254395,41.44261932373047,-16.833791732788086,right
0.23589986562728882,0.9352369904518127,0.32289832830429077,0.4863100051879883,-0.24061638116836548,0.07700720429420471,-3.2867469787597656,42.03852844238281,-18.192920684814453,right
0.23347541689872742,0.9209122657775879,0.25222623348236084,0.3497816324234009,-0.34415802359580994,0.213230162858963,-2.4263782501220703,43.0679931640625,-20.21734046936035,right
0.2698422968387604,0.9689851999282837,0.1844785213470459,0.17049269378185272,-0.034754786640405655,0.14542409777641296,-1.2550493478775024,44.005863189697266,-22.437992095947266,right
0.2550531029701233,0.9566027522087097,0.1657138466835022,0.2969417870044708,-0.11141836643218994,0.13167963922023773,-0.013406651094555855,44.96907043457031,-24.379194259643555,right
0.29699626564979553,0.9743266105651855,0.019008353352546692,0.32534703612327576,0.010449240915477276,0.16222289204597473,0.739904522895813,45.381351470947266,-26.44061279296875,right
0.3474249839782715,1.023613452911377,0.05239482223987579,0.09146379679441452,-0.028748687356710434,0.031318504363298416,1.4625433683395386,46.263038635253906,-28.40730094909668,right
0.3280293345451355,0.9760261178016663,0.03606713190674782,0.16055342555046082,-0.043599776923656464,0.02711750566959381,1.851402997970581,46.02826690673828,-29.56869125366211,right
0.317604124546051,0.9952067136764526,0.02875622734427452,-0.07789834588766098,-0.08045683801174164,0.09036143869161606,2.4106321334838867,46.19237518310547,-30.412927627563477,right
